monto_total,es_temporada_alta,dia_semana_reserva,metodo_pago_tarjeta,tiene_paquete,duracion_dias,destino_categoria,total_compras_previas,total_cancelaciones_previas,tasa_cancelacion_historica,monto_promedio_compras,fue_cancelada
1810.8904159657686,0,3,0,0,7,1,14,0,0.0,1324.539793697664,0
3827.5000724347065,0,6,1,1,12,0,9,4,0.4444444444444444,2871.996300110343,1
3061.9787963399176,1,2,1,1,14,2,9,1,0.1111111111111111,2128.237434839164,0
2595.304694689628,1,6,1,1,10,0,3,3,1.0,1031.5833574569356,1
1046.0652415485279,1,3,0,0,11,2,2,3,1.5,2059.9021948847167,1
1045.9808211767092,1,5,0,1,6,1,11,4,0.36363636363636365,1901.2779567862572,1
703.2926425886981,1,1,0,1,9,2,10,1,0.1,2682.2955669662397,0
3531.616510212273,1,5,1,1,4,0,7,3,0.42857142857142855,1967.529417479747,1
2603.902541101231,0,6,1,1,8,1,2,4,2.0,1361.5113555574235,1
2978.2540222861594,0,1,0,1,10,2,6,3,0.5,2286.4169405027546,1
572.0457300353086,0,0,1,1,14,1,6,3,0.5,1993.6659955782764,1
3894.68448256698,1,4,1,0,9,0,6,3,0.5,1312.6981821871195,1
3413.549242801476,1,5,1,1,9,1,12,2,0.16666666666666666,2061.9812874743975,0
1243.1868873739666,0,3,1,0,10,2,6,1,0.16666666666666666,2607.378271357309,0
1136.387385224852,1,0,1,1,9,1,13,4,0.3076923076923077,862.856018992823,1
1141.9157844870183,1,4,1,1,7,2,1,4,4.0,2187.8722850192457,1
1564.847850358382,0,3,1,1,9,0,9,1,0.1111111111111111,1569.0874307256627,0
2336.6475107128326,0,2,1,1,12,1,2,1,0.5,1443.8771806707332,1
2011.8075652474051,1,3,0,1,5,2,9,1,0.1111111111111111,1663.6930507944448,0
1519.3019906931468,0,1,1,1,7,1,8,1,0.125,1552.4498613455596,0
2641.485131528328,1,1,1,1,9,2,2,0,0.0,2630.9260347585714,0
988.2285122821464,0,2,1,1,11,2,1,4,4.0,1404.5551836893812,1
1522.5062698732636,1,0,0,1,4,1,8,0,0.0,2412.936650834488,0
1782.266451527921,1,4,1,1,6,0,12,3,0.25,1006.9316045028952,0
2096.2449447596255,1,3,1,1,14,0,9,3,0.3333333333333333,2893.072019465714,1
3248.1158648755477,0,1,1,1,9,2,8,4,0.5,2169.096601946814,1
1198.8582375542592,1,0,0,1,3,2,3,3,1.0,2354.780869498032,1
2299.8205344476405,1,2,1,1,4,0,13,1,0.07692307692307693,1455.686530607792,0
2573.4509910171487,0,6,1,0,11,0,11,0,0.0,1706.6124511578523,0
662.576444519992,1,5,1,0,12,0,8,1,0.125,1292.3124497961478,0
2626.406981655034,0,6,1,1,9,2,2,3,1.5,2851.5793887648924,1
1096.8344329055203,0,6,1,0,14,0,6,0,0.0,1873.8297836230308,0
727.6805754484783,0,1,0,1,12,1,6,1,0.16666666666666666,2186.9858544475783,0
3821.0993803866663,0,2,0,1,9,1,14,4,0.2857142857142857,2415.398467167574,1
3879.7121157609577,0,3,1,1,8,2,10,1,0.1,1616.4334004189857,0
3329.390718407614,1,6,1,1,5,1,7,3,0.42857142857142855,2384.2236399861104,1
1566.1481921067973,0,6,1,1,12,1,9,0,0.0,2287.1834774639483,0
841.8523990223435,1,4,1,1,5,0,14,4,0.2857142857142857,2352.4505345226826,0
2894.815592792549,0,1,1,1,4,1,3,0,0.0,1876.3057804501484,0
2040.5337280886044,0,1,1,1,13,2,2,4,2.0,1642.4622410415577,1
927.1338219567259,0,3,1,1,8,2,2,0,0.0,1288.5808140597776,0
2233.1191853894456,1,5,1,0,6,0,14,3,0.21428571428571427,2614.1779761619646,0
620.3598239032644,0,0,0,1,7,0,11,4,0.36363636363636365,2138.370102369693,1
3682.621407275737,0,4,1,1,5,0,4,2,0.5,1777.574831414489,0
1405.7299356000592,1,1,1,1,8,0,10,0,0.0,2876.790994763345,0
2818.827995238937,0,4,0,1,13,2,14,0,0.0,905.2453875154854,1
1590.9887663129384,0,1,1,1,14,0,13,1,0.07692307692307693,2670.3782794511044,0
2320.238074122338,0,4,1,1,5,1,0,4,0.0,2994.681704481139,0
2413.485977701479,1,2,1,1,10,0,9,2,0.2222222222222222,2751.272643942308,0
1146.9905943393446,0,6,1,0,11,0,2,3,1.5,2582.9604883543757,1
3893.546197175955,1,1,1,0,6,1,13,1,0.07692307692307693,1623.4731854939141,0
3212.964881763901,0,4,1,1,11,0,5,2,0.4,1308.8912009770456,1
3788.246295474662,1,0,1,1,14,0,2,4,2.0,2416.6711450991224,1
3631.8957264967707,1,2,1,1,9,2,4,2,0.5,1470.0658058348504,0
2592.649925838798,1,2,1,1,5,1,8,0,0.0,1187.2873007409355,0
3726.559822580909,0,0,0,1,9,0,1,0,0.0,2530.356951627901,0
809.7237571817182,1,4,0,1,3,2,10,1,0.1,1487.596034920789,0
1185.940018467008,0,3,1,0,5,1,1,4,4.0,2811.7718048721445,1
658.2955111868832,0,0,1,1,8,2,11,4,0.36363636363636365,2649.3918186020755,1
1638.6561576714253,0,4,1,0,6,0,5,2,0.4,2664.8087249203613,0
1860.370513913187,1,0,1,0,9,0,5,1,0.2,2497.4533973228176,0
1449.7216112086357,1,0,0,1,5,0,10,4,0.4,2737.9391323044206,1
3400.581282031753,1,1,1,0,3,0,10,0,0.0,2572.6431627918646,0
1748.6366434275624,0,4,1,0,11,1,7,2,0.2857142857142857,2125.524999864403,0
1483.2707839058326,0,3,0,0,8,2,11,3,0.2727272727272727,1450.809980880099,0
2399.4362910538694,1,6,1,1,10,1,12,0,0.0,2754.060225071128,0
993.2347874116692,0,1,0,1,5,0,10,1,0.1,2649.3279701010224,0
3307.689432639139,0,0,1,1,10,1,13,4,0.3076923076923077,1840.334508863199,1
760.9272528791978,0,6,1,1,4,0,1,0,0.0,885.9731092043014,0
3954.1042781018105,0,5,1,1,14,1,8,3,0.375,2204.7962002842096,1
3202.856692538301,0,6,1,1,6,1,14,3,0.21428571428571427,911.3130780884799,0
1195.5048853696035,0,0,1,0,5,2,1,1,1.0,2837.815916066496,0
519.3274099326084,0,0,1,1,12,2,12,0,0.0,2915.588764575675,0
3354.1149995919195,0,4,0,1,3,0,0,2,0.0,1216.8783209791293,0
2974.00070346666,1,4,1,1,9,1,9,0,0.0,2288.056631720802,0
3051.5250881434554,0,1,1,1,13,2,1,3,3.0,1002.991810038078,1
3199.44621340081,0,3,1,1,12,2,11,1,0.09090909090909091,2404.9372428608685,0
759.1562810693163,1,1,1,1,4,1,6,1,0.16666666666666666,1564.032865535884,0
1754.6300499049541,0,2,0,1,6,2,7,2,0.2857142857142857,2298.3102458069798,0
905.541708337954,1,0,1,1,11,0,4,1,0.25,1620.3283202447913,0
3520.8619905645774,1,6,1,1,8,2,5,1,0.2,1120.2485216331186,0
2681.5434438964526,0,5,0,1,10,0,11,1,0.09090909090909091,1693.4419571056274,0
1658.1430869842723,0,0,1,1,4,1,0,1,0.0,1047.881758596538,0
722.4542260010827,1,0,0,1,9,2,14,1,0.07142857142857142,2069.1432049492805,0
1588.4381260048176,1,1,1,0,8,0,5,3,0.6,890.0933707288555,1
1638.1416270936147,0,5,1,1,11,1,11,0,0.0,1960.1032951196914,0
3053.6216241832244,0,5,1,0,9,0,14,4,0.2857142857142857,2750.01102361019,0
2731.451149743246,0,5,1,1,3,2,7,1,0.14285714285714285,2643.321194262598,0
3605.2445990171427,1,1,1,1,10,2,12,4,0.3333333333333333,2742.119739178293,1
2152.7522380668224,0,0,1,1,13,2,2,4,2.0,2828.507364679636,1
918.5798607840559,1,1,1,0,12,1,10,3,0.3,1029.9613533265274,1
2996.3567552804825,0,4,1,1,5,2,0,1,0.0,1083.2438463265687,0
3162.747670159141,0,4,1,0,4,0,10,4,0.4,2025.414973888883,1
2464.4701914932366,0,1,0,1,14,1,3,1,0.3333333333333333,2766.7398705337446,1
3198.3851298409636,0,5,1,1,5,2,0,2,0.0,2943.5688043528676,0
2228.284587275368,0,0,1,1,13,0,13,2,0.15384615384615385,901.7762181479999,0
2329.564902836979,0,1,0,1,8,0,7,2,0.2857142857142857,1582.7029852414523,0
1996.3935642549236,0,1,1,1,5,0,4,4,1.0,1268.3673602519857,1
588.9669436043332,1,1,1,0,12,0,0,2,0.0,2463.1248676487457,0
877.6199944765656,0,2,0,1,7,2,13,3,0.23076923076923078,2208.4265107814704,0
610.0021499035698,0,4,1,1,8,1,7,3,0.42857142857142855,1063.7536692644599,1
2727.4364394232316,1,6,1,1,10,2,8,4,0.5,1863.7485482029374,1
1600.2459337671435,1,5,1,1,9,0,9,1,0.1111111111111111,2307.9691492168413,0
2279.9974190764597,1,3,0,0,13,0,1,0,0.0,2513.811866632883,0
3676.4826587413254,1,6,0,1,10,0,8,1,0.125,844.1159615248188,1
1372.5228020210623,0,5,1,1,5,2,7,1,0.14285714285714285,2759.0330627645576,0
1936.340230624704,0,3,1,1,6,1,6,1,0.16666666666666666,2052.419042491154,0
3144.4289849006705,1,2,1,0,8,2,2,1,0.5,2586.2000529117904,0
1300.7935792206786,1,1,1,0,13,1,1,0,0.0,2577.4636660314236,0
769.4296844007754,0,2,0,1,9,1,6,2,0.3333333333333333,1217.6758525961322,1
1514.1300851981882,1,2,1,1,11,1,14,1,0.07142857142857142,1042.3786645579928,0
1064.2745053890153,0,6,0,0,3,2,4,3,0.75,2386.8319917424187,1
3753.941783199006,0,0,1,1,10,2,5,4,0.8,1144.139221407562,1
3328.421328475459,0,6,1,1,10,0,3,4,1.3333333333333333,2669.862481090392,1
2716.913147786482,0,4,1,1,8,1,1,3,3.0,2397.616864496631,1
3550.112065657012,0,3,1,1,6,1,8,1,0.125,2652.0158016035775,0
3312.8522691469007,0,1,0,1,5,2,2,0,0.0,1457.8278951405614,1
1152.9952061011254,1,6,1,1,13,0,11,2,0.18181818181818182,1496.5157329032518,0
3623.9564947149224,0,3,1,1,5,2,13,4,0.3076923076923077,2276.6874239618987,1
2387.6978467047775,0,5,1,1,8,2,6,2,0.3333333333333333,869.1811011296846,0
3326.040543074219,1,3,1,0,10,0,13,0,0.0,2398.2928419423297,0
3636.3195497322263,1,5,1,0,9,2,7,4,0.5714285714285714,2638.722755880123,1
1613.0121624015235,1,6,1,1,13,0,1,2,2.0,1713.3598905290287,0
885.1817358468686,1,4,0,0,3,0,13,0,0.0,2482.733426194631,0
1297.7730688967958,1,6,1,1,13,0,5,2,0.4,1184.1440173609762,0
1994.877260191897,0,5,1,0,8,0,10,1,0.1,1508.9728664028662,0
3363.051680728726,0,3,1,0,9,2,7,0,0.0,2943.47091884305,0
3512.557041397202,0,3,1,1,14,0,6,2,0.3333333333333333,2969.9219818322777,0
524.3324568591675,0,5,0,1,9,0,10,1,0.1,1927.7311166474935,0
2287.6155590214803,0,2,0,1,11,0,2,1,0.5,2855.393541220529,1
1960.9385110207265,1,4,1,0,13,0,0,0,0.0,1950.0074917250802,0
1277.377336647556,0,0,1,0,13,0,13,3,0.23076923076923078,1441.493881954546,0
919.5287856678898,0,1,0,1,12,1,5,4,0.8,1387.178433817298,1
1681.6530999126978,0,3,1,1,7,0,7,0,0.0,2844.912551809927,0
3800.183963693817,1,1,1,1,3,2,5,1,0.2,1179.3820557424901,0
1631.2102620726432,0,0,0,1,4,2,4,1,0.25,2075.191408044,0
2315.7671761017814,1,6,1,1,6,0,10,0,0.0,2022.1551497379833,0
2960.5663561331226,0,1,1,1,7,2,11,3,0.2727272727272727,2427.167706236589,0
1772.7036083275289,0,0,1,1,11,0,7,4,0.5714285714285714,1898.3343965545043,1
3901.2372895233625,0,5,1,1,13,0,1,2,2.0,1399.0284535578953,1
3868.5655322973894,1,2,0,1,3,0,14,0,0.0,1172.6722991894728,1
1381.2380353887745,0,3,1,1,5,0,11,4,0.36363636363636365,2165.801367712962,0
2240.369770623349,1,0,1,1,7,1,14,4,0.2857142857142857,2381.779665077113,0
1553.0740843586939,0,1,1,1,5,2,0,1,0.0,2052.9468131004714,0
1496.9417303211367,0,3,1,0,6,0,0,2,0.0,2424.372809666628,0
629.1043157408648,1,2,1,0,5,2,14,0,0.0,1111.3466453899123,0
2633.475168929639,1,5,1,1,6,0,13,1,0.07692307692307693,2741.434428874898,0
2259.376581301015,1,6,1,1,3,2,3,1,0.3333333333333333,2081.270118498707,0
680.1756293749627,1,3,1,0,14,0,5,3,0.6,1079.0566391637137,1
1475.26262482814,1,6,1,1,10,0,12,4,0.3333333333333333,1816.235449252617,1
3678.9306008832878,1,0,1,1,6,0,8,0,0.0,2658.541823305005,0
1338.4666173344035,1,2,1,1,9,0,0,0,0.0,2774.6368255969523,0
1007.1320523192808,1,1,0,1,4,1,11,0,0.0,1382.2289109972753,0
2213.084660971471,1,2,0,1,4,2,0,1,0.0,2364.7848143629967,0
3949.7765893871024,0,2,1,0,8,0,12,3,0.25,1019.9675444643087,0
1347.1934502902513,1,4,1,0,4,2,12,2,0.16666666666666666,873.8009171067472,0
2852.4744159205748,0,2,1,0,8,1,4,1,0.25,2032.877698403874,0
3165.6686536505117,1,2,1,1,13,2,9,2,0.2222222222222222,2328.620674521877,0
1331.7314039733988,1,3,1,0,4,0,4,3,0.75,2550.730808588304,1
3048.7572201415087,0,1,0,1,6,1,4,4,1.0,1548.4757246017361,1
1787.2409645173864,1,3,1,1,9,2,9,0,0.0,814.3559029435514,0
2713.070407077528,0,3,1,1,10,1,5,2,0.4,1854.9423216449784,1
2717.3539876631316,0,0,1,0,5,0,7,1,0.14285714285714285,834.8777998218474,0
2375.2113942616547,1,3,0,0,11,0,2,2,1.0,1002.3659234757599,1
816.0141951904291,0,4,1,0,4,0,8,4,0.5,1518.7158495698463,1
3423.558734562333,1,4,1,1,10,1,12,0,0.0,1761.7785090323898,0
1622.7302274010754,1,6,1,1,10,2,0,2,0.0,1414.8327707052267,0
1152.8147863994898,0,0,1,0,6,0,3,4,1.3333333333333333,2080.103586310357,1
642.7129954416737,0,6,1,0,3,1,8,1,0.125,921.7695362798095,0
2568.1253011588465,0,6,0,0,3,1,14,3,0.21428571428571427,1118.0753625270863,0
2871.4752664479884,0,5,1,0,4,1,13,1,0.07692307692307693,2329.568481661954,0
558.0574012474965,1,1,1,1,14,1,7,0,0.0,1112.709877915419,0
2292.3257040474837,0,1,1,1,11,2,9,1,0.1111111111111111,2207.5054434549293,0
1292.7352131927828,0,3,1,1,4,0,8,1,0.125,920.3061656574042,0
2758.1047664330745,0,3,1,1,4,2,0,1,0.0,1696.241014062109,0
1110.2825015174699,0,5,1,0,8,0,8,1,0.125,1190.3008342666012,0
2918.2820833586306,1,3,1,1,9,0,2,0,0.0,1041.1998215774101,0
1853.5737120518809,0,1,1,1,9,0,10,4,0.4,2047.4721237027006,1
3778.554960578571,1,6,1,1,11,0,11,2,0.18181818181818182,2842.338698412368,0
981.3233045109764,0,2,0,1,8,0,9,3,0.3333333333333333,920.5315054318074,1
1693.7322286759047,1,4,1,0,10,0,8,2,0.25,1727.4193460796753,0
897.1573243420618,0,2,1,0,13,2,0,2,0.0,2356.577963039976,0
3736.4276639749696,0,2,1,0,8,0,0,3,0.0,1817.9132297132194,0
3570.6877368334335,1,1,1,1,4,2,8,0,0.0,2574.291081431539,0
1402.7956970030446,0,2,1,1,3,0,10,3,0.3,1195.2196949010897,0
2809.9441611196266,1,5,1,1,7,2,13,0,0.0,2911.1072510610293,0
3360.2777007042555,1,0,0,1,11,2,5,2,0.4,1647.3577810995891,1
2443.202840598118,0,3,1,1,10,0,3,0,0.0,1551.453192477405,0
2353.777024246023,0,0,1,1,6,2,6,4,0.6666666666666666,2724.132747906965,0
1346.4830181515808,1,6,1,0,7,1,4,3,0.75,2040.5074701618864,1
825.8596873206473,0,4,1,1,7,2,9,4,0.4444444444444444,1936.1775521862073,1
3640.2551528366434,0,3,0,0,8,1,13,2,0.15384615384615385,2399.351422962548,0
3651.4632000716565,0,2,0,1,5,1,6,3,0.5,2075.6353242183986,1
2715.855100456438,0,4,1,1,7,2,7,2,0.2857142857142857,1157.5344184656537,0
1686.6042686704525,0,3,1,0,4,1,7,4,0.5714285714285714,2283.2347703028454,0
1722.233511144313,1,5,1,1,12,0,0,2,0.0,1093.6315344206826,0
3040.8448760458377,1,5,1,1,3,2,7,3,0.42857142857142855,2572.8869517349362,1
3639.88590983402,1,5,1,1,13,0,5,3,0.6,2977.420514966996,1
3604.8024849279104,1,5,1,1,3,1,3,2,0.6666666666666666,1630.2527749445078,0
3229.5644105016836,0,2,1,1,12,0,12,3,0.25,1778.4629760444277,0
2747.1107615400074,1,0,1,0,9,1,13,3,0.23076923076923078,902.154042062187,1
794.4898774826709,0,3,1,0,4,2,11,2,0.18181818181818182,830.2130137816722,0
1065.7004993311482,0,2,1,0,6,0,7,4,0.5714285714285714,2827.1225367279208,1
3644.9396598447775,0,5,0,1,7,0,2,3,1.5,1082.9729329662225,1
2622.5017088085647,0,6,1,0,9,1,12,3,0.25,1780.7132446308347,0
532.1896806582038,1,0,1,1,4,2,3,3,1.0,2593.7801724822352,1
855.1504000311124,1,6,1,1,8,1,14,3,0.21428571428571427,2756.501271842303,0
2822.2561918781953,0,4,1,1,3,0,5,2,0.4,1942.6749076236288,1
517.7155434617654,0,6,1,1,9,2,10,4,0.4,2043.0715549470895,1
1062.8281799612453,1,4,1,1,11,1,6,4,0.6666666666666666,2273.3047394191994,1
2420.5682627830515,0,4,0,1,7,0,3,0,0.0,2915.0414343161738,0
2921.6331919244262,0,5,1,0,7,0,3,3,1.0,2125.873914077911,1
2781.8644082591018,0,4,1,0,6,1,6,3,0.5,2030.8455708039617,1
1284.9425831119593,1,1,1,1,5,0,5,0,0.0,831.9750975851795,0
2992.6272747163757,1,3,1,0,11,0,12,4,0.3333333333333333,978.0893444491834,1
1330.3718062388002,0,3,0,0,7,2,10,1,0.1,2069.7775785727918,0
1638.898943557437,0,5,1,1,10,0,7,1,0.14285714285714285,2859.7288531758472,0
3112.7199179130844,1,1,1,0,11,2,0,4,0.0,2706.7209664786687,1
2773.7151466652513,1,6,1,1,7,0,9,3,0.3333333333333333,2961.6736305828504,1
3472.281936729623,0,2,1,0,12,2,12,1,0.08333333333333333,1961.2348826348027,0
2801.6451230512016,1,6,1,1,11,2,10,2,0.2,2533.448064563087,0
2489.0801116741504,0,2,0,1,4,0,6,2,0.3333333333333333,2648.880729276549,1
827.8616873983237,0,4,1,1,11,1,11,0,0.0,2225.669646127896,0
1787.0053107080173,1,0,1,1,13,0,6,4,0.6666666666666666,1545.249789271916,1
1428.208286886039,0,2,0,1,6,2,10,4,0.4,1833.9525562471476,1
1353.9637518267925,0,0,0,0,8,2,6,1,0.16666666666666666,2687.4175589358492,0
3905.5369416335593,0,3,0,1,8,1,6,3,0.5,1456.8054371607607,1
1875.8420363336613,0,0,0,1,8,1,9,4,0.4444444444444444,2832.2348887866265,1
3622.1629431198967,1,3,1,1,4,0,13,1,0.07692307692307693,1305.5739511298632,0
2708.98519099042,0,1,1,1,9,2,9,1,0.1111111111111111,2448.9361133449174,0
3281.8395623957695,1,1,1,0,8,0,7,4,0.5714285714285714,2187.230315560624,1
2259.229825868172,0,5,1,1,13,0,8,1,0.125,2449.118770465677,0
2519.1635961922566,0,5,1,1,3,1,8,0,0.0,1762.1646593517085,0
2223.8119283660235,0,4,1,0,4,0,1,0,0.0,2851.810337618766,0
1183.3504572931556,1,2,1,1,9,2,12,4,0.3333333333333333,2191.43884530525,1
3028.582403415269,0,4,1,0,3,0,12,3,0.25,1434.2507700193637,0
1482.7032685429954,1,3,1,0,3,1,6,0,0.0,2204.601155434716,0
585.1058825100885,0,4,1,0,3,0,6,0,0.0,1430.9946438554684,0
2759.1530356750873,1,0,1,0,10,0,3,4,1.3333333333333333,1445.9912618717233,1
1119.8873779246715,0,3,0,1,6,1,8,2,0.25,1679.1167255659093,0
3791.6050452352,1,5,1,0,6,2,7,1,0.14285714285714285,2675.3469186520615,0
3838.7500195090556,1,1,1,1,4,2,11,0,0.0,1900.6553236667824,0
3702.02536577157,1,5,1,1,13,0,0,2,0.0,2293.5818529064563,0
1795.5554508940554,1,2,1,0,13,0,1,3,3.0,1662.3290286038186,1
554.098157851036,1,3,1,1,13,2,12,2,0.16666666666666666,1379.9319675751392,0
3749.1149690570387,0,3,1,1,3,1,14,4,0.2857142857142857,2900.208353575709,0
1998.6445191106002,0,0,1,1,14,0,12,3,0.25,2127.878743670738,0
3883.2918666528435,0,2,1,0,12,2,1,3,3.0,2854.69294488198,1
3872.669919812385,1,1,1,1,11,2,11,2,0.18181818181818182,1247.5086048362932,0
3485.53309413576,0,6,1,1,9,2,11,4,0.36363636363636365,1123.167160608452,1
1530.57112224355,1,3,1,0,6,2,10,0,0.0,2682.810395672588,0
1847.8420501067385,0,3,0,0,14,2,14,2,0.14285714285714285,2298.0178677579534,0
3478.9783503089993,0,0,1,1,8,0,14,0,0.0,1210.472698358011,0
1609.2270180469718,0,4,0,0,4,0,7,2,0.2857142857142857,1392.591341459783,0
1093.2246134013237,1,1,1,1,9,1,14,0,0.0,2561.4606713556846,0
2448.8044186042252,0,5,1,1,4,1,0,2,0.0,1798.5109639910593,0
3776.5417095627336,0,2,1,1,12,1,3,3,1.0,2275.1891143134,1
2936.1042883624054,0,3,0,1,10,0,9,1,0.1111111111111111,1500.374448699224,0
2495.2140953127773,0,3,1,0,10,1,11,3,0.2727272727272727,1638.7058961047287,0
840.1177281976899,0,5,1,0,3,1,4,0,0.0,2979.5676289708313,0
2652.525293447094,0,1,0,1,10,0,8,4,0.5,1344.7575917843808,1
3965.1884753649215,1,4,1,1,4,0,6,3,0.5,1914.204029480331,1
990.294053327834,0,3,0,1,8,1,7,1,0.14285714285714285,2657.685155019171,0
2314.1537832730783,0,1,1,0,3,2,13,0,0.0,1326.2910700648877,0
3570.805751747844,0,5,1,0,7,0,10,3,0.3,1713.4702647055274,0
3092.6901621397155,0,0,1,0,13,1,8,2,0.25,2153.2008322139745,0
2939.5550934834378,0,4,1,1,9,2,12,4,0.3333333333333333,1858.6139332452256,1
2958.6942939548826,0,2,1,0,12,1,6,0,0.0,1810.9049864546982,0
1758.219029269143,0,3,1,1,3,0,4,3,0.75,1597.521408908672,0
1527.5714549257268,0,1,0,1,4,1,12,0,0.0,2090.621921104835,0
3332.7640441747976,1,0,0,1,9,0,14,2,0.14285714285714285,2173.6199354319424,1
3335.3968813771326,1,2,0,1,8,2,4,1,0.25,2237.236989982998,0
3534.753115030363,1,6,1,0,5,0,9,3,0.3333333333333333,954.8098373932645,1
3696.3419339476495,0,1,1,1,12,1,10,0,0.0,2188.2751865665077,0
2289.698396013282,0,1,1,1,4,0,5,0,0.0,2897.121793318712,0
2255.3070314051984,0,2,1,1,12,1,4,0,0.0,1990.169718161784,0
3294.033126383713,0,0,1,1,6,1,12,1,0.08333333333333333,2373.587581520337,0
2774.873757722178,1,6,1,1,5,0,11,0,0.0,2024.8110770702792,0
2956.8840704019617,0,5,1,0,9,1,10,4,0.4,2680.4293609023534,1
3285.2743430263536,0,0,1,0,10,0,8,4,0.5,2845.082808114652,1
3615.018696361482,0,4,1,1,4,0,2,0,0.0,1205.2837784519904,0
1682.9830489803753,1,3,1,1,12,1,2,4,2.0,1761.0920804256784,1
1814.540334239804,0,2,1,0,9,0,14,3,0.21428571428571427,1663.240622051987,0
828.9367894430416,0,5,0,1,10,2,6,4,0.6666666666666666,1691.4732712584132,1
2523.980493486609,0,6,1,1,8,1,6,0,0.0,1076.153198701327,0
625.7979582885973,0,2,1,0,8,1,5,2,0.4,2589.9545971575826,0
2129.5930634636106,0,2,0,1,12,0,2,3,1.5,878.6857346328576,1
2399.2562214765185,0,0,1,1,3,1,13,1,0.07692307692307693,1962.0985369997452,0
1502.8943824489954,0,3,0,0,6,2,12,0,0.0,2256.1324536983207,0
2567.9164119915376,0,4,1,1,3,0,6,1,0.16666666666666666,1256.4327637295298,0
606.750874786673,0,1,0,1,6,2,4,2,0.5,2792.8704226173504,1
630.7186606222505,0,1,1,1,4,0,6,1,0.16666666666666666,2644.8082554545445,0
3379.101962308804,0,2,1,1,13,2,1,0,0.0,1836.3842048646356,0
1760.66724493942,1,3,1,1,7,0,5,0,0.0,1704.5276511483053,0
944.7117942815967,1,6,1,1,12,2,13,2,0.15384615384615385,1320.44943546442,0
2327.8514101918154,0,6,1,1,11,1,7,0,0.0,2405.98509421892,0
3194.9774358451377,0,5,1,1,13,0,0,2,0.0,1089.8363591903212,0
1255.373596238951,0,0,0,0,14,0,3,2,0.6666666666666666,2296.5230584563224,1
2680.116665366501,0,3,1,0,12,1,10,0,0.0,2653.40536946051,0
798.716127478188,1,3,1,0,5,2,0,4,0.0,1302.6374670174523,0
680.886024090127,0,0,1,1,10,0,13,2,0.15384615384615385,2706.1402863772637,0
2359.741210488518,1,6,1,0,5,0,0,0,0.0,873.3110387669186,0
2392.222925635373,0,6,1,1,8,1,9,4,0.4444444444444444,2808.1322478503557,1
2731.004655243723,0,6,1,0,6,1,11,2,0.18181818181818182,1060.3969012728558,0
3041.3196680293154,1,2,1,0,10,1,13,4,0.3076923076923077,2220.6701914636715,1
3915.482278118871,1,3,1,1,13,1,13,3,0.23076923076923078,1350.181431610672,1
2307.0512190541835,1,1,0,1,8,0,10,3,0.3,2640.4152605731506,0
1630.347655294361,1,0,1,0,10,2,7,4,0.5714285714285714,1927.0607940140262,1
3283.1516816904627,0,6,1,1,3,1,6,2,0.3333333333333333,1097.530620742303,0
1447.9128794172598,1,5,1,1,8,0,11,0,0.0,2056.181456917153,0
2036.3999724697264,0,6,0,0,3,2,9,1,0.1111111111111111,1697.341742433363,0
774.5973346979308,1,6,1,1,3,1,12,0,0.0,2255.185196548822,0
588.7276019541013,0,4,1,1,10,0,0,1,0.0,2740.187226479611,0
3869.269451372738,1,2,1,0,9,1,10,1,0.1,1700.6560886035206,0
3425.9304217927206,0,0,1,1,5,0,13,2,0.15384615384615385,1437.7374949744913,0
2935.909721327943,0,4,1,1,8,1,12,4,0.3333333333333333,831.9332079607393,1
1931.3353054499446,0,4,0,1,11,2,1,0,0.0,2064.6458832917247,0
1106.5301202479602,1,5,1,0,9,0,3,4,1.3333333333333333,1685.0044883491537,1
1047.5296493488013,0,3,0,0,14,0,0,3,0.0,1624.2282818326232,1
1375.8501435760836,0,5,1,1,5,2,2,2,1.0,1202.4577068252675,0
2422.2933264714216,0,3,1,0,8,2,7,2,0.2857142857142857,1746.1217594208035,0
3001.085729450218,0,3,1,1,13,1,7,3,0.42857142857142855,2965.7722978834104,1
2810.6908185120596,1,0,1,1,6,1,7,0,0.0,1455.0591380789374,0
1479.7686393108,0,6,1,1,5,1,5,3,0.6,2119.34970949782,1
3842.028482321179,1,0,1,1,11,2,5,0,0.0,2508.271138894467,0
3082.6392084351896,0,2,0,1,12,2,4,1,0.25,2448.14721098837,0
2440.239183789902,0,3,1,0,4,0,12,2,0.16666666666666666,1523.3034324836997,0
2641.0226118202327,1,4,1,1,3,1,8,0,0.0,2143.892183737071,0
1968.6002184972647,1,6,1,0,4,1,3,4,1.3333333333333333,2716.782307594346,1
1367.0584632540513,0,1,1,0,9,2,9,4,0.4444444444444444,833.9843410127714,0
1745.9043752794155,0,2,1,1,12,1,14,2,0.14285714285714285,1758.6155850552768,0
3152.461386625292,1,0,1,1,3,1,11,3,0.2727272727272727,1293.4015201321915,1
550.3772102041455,0,5,0,1,8,2,11,3,0.2727272727272727,1654.9910388774456,0
906.2542417742068,1,2,1,0,9,0,11,0,0.0,1715.1771375455317,0
661.0092470761347,1,2,1,1,11,0,6,3,0.5,2442.6761225306013,1
642.5508081163955,1,6,0,0,10,1,0,2,0.0,1006.4081192699749,1
3494.1120440385253,0,2,0,1,8,0,14,0,0.0,1927.684586891523,1
2962.802507830083,1,2,0,0,5,0,8,1,0.125,2041.2285419572397,0
2159.608401805638,0,1,1,1,10,0,6,3,0.5,1887.1467278139696,1
842.4195622785052,0,5,1,1,9,1,9,3,0.3333333333333333,2410.121156737984,0
2220.6555629089135,0,5,0,1,5,2,11,0,0.0,1644.3407629950643,0
2157.1511977319797,0,5,0,1,11,1,8,4,0.5,2878.9275400081674,1
1106.2065446850531,1,3,1,1,14,1,6,3,0.5,1859.967573585671,1
2018.4807723329056,1,4,1,1,4,0,1,2,2.0,2056.670601152555,0
1894.7665703908071,1,5,1,0,5,2,14,3,0.21428571428571427,2616.1678113628486,0
2655.4753431827576,0,2,1,0,4,2,5,1,0.2,1405.5194330484694,0
2722.8277780367534,0,2,1,1,3,1,9,3,0.3333333333333333,965.4444632781654,1
658.5640342021559,0,5,1,1,6,0,11,4,0.36363636363636365,2357.1247523974616,0
1811.1441511926494,1,6,1,1,7,0,10,3,0.3,1862.626082206433,0
2690.509704999827,0,5,1,0,8,0,3,0,0.0,2772.3093521097885,0
2260.9769050303066,1,2,1,1,7,1,2,3,1.5,2961.896107189355,0
3497.714444159128,0,3,1,1,3,2,1,4,4.0,1678.0405712644042,1
2805.4277106663076,0,0,0,1,5,2,5,0,0.0,1713.9658357712538,0
1070.2704947850038,1,0,1,1,3,1,7,2,0.2857142857142857,1697.5177248525981,0
746.9906159015045,0,5,1,1,13,2,5,0,0.0,1514.0190414080375,0
2748.467473722105,1,1,1,0,7,2,8,1,0.125,2519.7116150860743,0
592.7895868956764,1,5,0,1,7,0,13,0,0.0,2469.790677479601,0
2550.2145344571213,0,6,1,1,14,0,4,2,0.5,1853.0187152111546,1
3790.8058449873515,0,5,1,1,13,2,1,3,3.0,898.2546760335772,1
2514.1596225655767,0,0,0,0,8,0,7,0,0.0,1481.0304633287615,1
1858.5947417228267,1,2,1,0,10,2,8,0,0.0,1443.0667024206425,0
2751.5087645482363,0,5,1,1,12,2,13,0,0.0,2584.391941640569,0
2103.8851167203084,0,2,1,1,14,1,9,0,0.0,992.6662615155844,0
2409.6587626057726,0,2,0,1,3,2,3,2,0.6666666666666666,2572.4858338939493,1
3795.126830717838,1,1,1,1,6,2,5,4,0.8,2272.2040348381147,1
1851.3592323027099,0,2,1,1,12,1,14,4,0.2857142857142857,2411.371210086988,0
3864.1669733836998,1,0,1,0,13,0,10,0,0.0,1750.8690126870515,0
3668.727246846223,1,3,1,1,3,0,9,2,0.2222222222222222,2295.396751203868,0
1185.2689717625376,0,3,1,1,11,0,7,2,0.2857142857142857,2139.8636783552147,0
742.7645530630791,0,4,1,1,13,1,8,0,0.0,2491.756429502985,0
852.7230048209933,1,6,1,1,9,0,11,1,0.09090909090909091,1782.8936358301548,0
563.7763897804241,0,5,1,1,9,0,4,0,0.0,1840.2163747718653,0
830.5503626457494,1,6,0,1,14,0,11,1,0.09090909090909091,2215.867690027604,1
2890.523706957249,0,0,1,1,7,2,5,0,0.0,1037.7704860660542,0
749.1602696108015,0,2,1,0,9,2,10,1,0.1,1759.737786401498,0
1616.4147060281646,1,3,1,0,14,2,3,1,0.3333333333333333,2938.2918595715723,1
3457.063588393091,0,6,0,1,4,1,4,0,0.0,882.6151041321003,0
581.4517750753905,0,0,1,0,6,2,6,1,0.16666666666666666,1495.2103903060665,0
3350.639689061275,0,3,1,0,9,2,8,3,0.375,1491.0416019966156,1
1486.4917117068999,0,2,0,1,5,1,9,4,0.4444444444444444,2193.6210623187,1
913.5768966757969,0,6,0,1,4,1,10,2,0.2,1032.7607907331078,0
2938.5800787745275,0,3,0,1,12,0,12,1,0.08333333333333333,2182.7968679334945,1
2701.299963729594,1,5,1,0,4,2,5,1,0.2,1009.0885294335627,0
3571.1520473446853,0,5,0,0,3,0,13,2,0.15384615384615385,1008.8980243203282,0
3072.7486533136002,1,4,0,0,7,1,5,1,0.2,2402.0033858146608,0
3312.18325634697,0,4,1,0,14,1,7,2,0.2857142857142857,1513.0973824321518,0
1487.1210039995726,1,3,1,1,8,0,10,0,0.0,2950.3304849702454,0
1121.0384032290299,0,0,0,0,8,0,3,3,1.0,882.1764601582208,1
3127.1516307430043,1,5,0,1,11,1,2,3,1.5,1779.234660179587,1
3323.921587435424,0,0,0,0,6,0,13,4,0.3076923076923077,1048.899062882852,1
3966.7679970023564,0,0,0,1,3,2,6,1,0.16666666666666666,1573.033726867839,0
1944.1618691899928,0,3,1,1,8,1,4,4,1.0,2996.0893913399113,1
1802.063300274741,0,0,0,1,7,1,1,0,0.0,2755.4535258247697,0
3217.445362596989,0,5,0,1,12,1,1,3,3.0,906.3136994818732,1
1692.8123908855625,0,2,1,1,8,1,10,0,0.0,2039.1628564165035,0
3757.6506396124764,1,4,1,0,5,1,5,0,0.0,2225.2090706137587,0
3504.4446314505412,0,2,1,1,4,1,7,1,0.14285714285714285,1260.9761726902766,0
2001.4790958125643,0,0,1,1,8,2,0,0,0.0,1119.2322614721907,0
3128.048737270241,0,2,1,1,3,2,14,3,0.21428571428571427,2789.6384962641514,0
3140.900059296388,1,5,1,0,9,2,10,4,0.4,2931.3961712634286,1
860.9335409257642,0,5,1,0,9,0,5,3,0.6,2982.164286103212,1
3658.9351733784833,0,0,1,1,12,1,11,1,0.09090909090909091,2537.475902216196,0
2268.3833035674998,0,3,1,1,9,2,1,3,3.0,2259.7045526915654,1
3392.6011313770955,1,2,0,1,14,0,1,2,2.0,1560.6065548245954,1
1620.173603607141,1,3,1,0,13,0,6,4,0.6666666666666666,1177.0762871144555,1
3634.3312997367016,0,3,0,1,12,1,9,2,0.2222222222222222,973.7573186057098,0
1862.205875569571,1,1,1,0,3,0,0,2,0.0,2325.2544308132824,0
537.9317801810442,1,0,1,0,6,0,5,1,0.2,2526.3915133945884,0
3668.8369174674226,0,4,1,1,9,2,13,0,0.0,2618.198035400956,0
819.5033687514674,1,5,0,0,13,1,6,2,0.3333333333333333,2810.283007268357,1
1617.597731566452,0,5,1,0,11,0,13,3,0.23076923076923078,2735.845040004422,0
3825.2168846778172,0,0,1,1,7,2,7,0,0.0,2999.4307989678036,0
3827.1250142814465,0,6,1,0,4,2,6,3,0.5,1336.940824127953,1
2507.032608431501,0,6,1,0,9,1,5,3,0.6,2479.2767534668633,1
2711.4302425942974,0,6,1,0,12,0,8,0,0.0,2090.210927224555,0
2069.559326924119,1,4,1,0,3,2,12,0,0.0,1374.7392913978813,0
1526.237700943226,0,5,1,0,9,2,2,3,1.5,2960.191709031274,1
1650.3259087947058,0,0,1,1,8,1,10,1,0.1,2775.375830503355,0
2853.8145962696344,0,5,0,0,9,2,5,4,0.8,1082.734470577056,1
3133.31085303188,1,3,1,0,12,1,3,4,1.3333333333333333,857.5483531115236,1
3270.5266530404697,0,2,1,1,5,0,1,1,1.0,2314.327677131889,1
3263.6634997809388,0,2,1,1,5,1,0,0,0.0,2129.0873834843774,0
819.2213606704163,0,5,0,1,9,0,11,3,0.2727272727272727,2858.794373044521,0
2230.4710664590352,0,1,1,1,4,2,11,4,0.36363636363636365,1314.8116317528136,1
701.455660058255,1,4,1,1,3,1,13,3,0.23076923076923078,985.6534853689715,0
2423.3510881330744,1,6,1,1,11,0,0,1,0.0,1370.27373429837,0
2045.3567548068195,0,4,1,1,11,1,10,3,0.3,841.6408091252196,0
3606.9646396540493,1,4,1,1,9,0,9,1,0.1111111111111111,878.9640526156513,0
1728.2025439322754,0,3,1,0,9,0,2,0,0.0,2812.687173025671,0
909.7345574966205,1,4,1,0,5,1,3,1,0.3333333333333333,1574.4364815041322,0
1000.4708871849255,0,2,0,0,12,0,1,1,1.0,1703.7798022212974,1
3165.287211011153,0,3,1,1,4,2,12,4,0.3333333333333333,840.4176399838298,1
2663.7632216069137,0,0,1,1,13,0,11,3,0.2727272727272727,1395.1479163780625,0
853.9293664297659,1,4,1,1,9,1,10,4,0.4,2570.397164231148,1
794.3738214024911,0,4,1,1,11,2,10,2,0.2,2154.0801112667823,0
2953.39196010692,0,0,1,1,3,1,13,1,0.07692307692307693,2458.317322390114,0
754.6705222746773,0,4,0,0,6,1,10,2,0.2,1783.8702297463271,0
3376.5102075162467,1,0,0,0,8,2,0,4,0.0,1481.404287852926,1
2971.847795047737,0,3,0,1,9,0,3,3,1.0,1862.1822053224148,1
784.7207322466492,1,2,0,1,12,0,14,4,0.2857142857142857,1510.7563504926525,1
796.9319992981717,1,0,1,1,9,1,6,3,0.5,2645.73641268295,1
3953.238524754114,0,1,0,1,12,0,9,3,0.3333333333333333,1454.8821743042606,1
1809.9477851464212,1,0,1,0,4,2,10,0,0.0,2251.4800089967844,0
1797.247514734118,0,4,1,1,6,0,5,1,0.2,1101.3608890809612,0
3344.798485401259,1,6,1,1,7,2,5,4,0.8,2311.106286216802,1
3815.3700208435052,0,6,1,1,14,2,10,3,0.3,2809.2593655200744,1
3951.003723380048,1,3,1,1,3,0,8,4,0.5,2138.882940207798,1
3136.823648406296,1,5,0,0,3,1,13,4,0.3076923076923077,2031.6818360758498,1
1816.9085493582052,1,3,1,0,12,0,14,3,0.21428571428571427,2914.4601896476083,0
792.2525084453407,1,5,0,1,5,1,1,2,2.0,2180.272421694862,1
3220.014205746029,0,6,1,1,12,0,3,1,0.3333333333333333,1371.0109532007818,1
2454.4148740753176,0,6,1,1,5,2,4,1,0.25,1443.2602524650288,0
1984.777032364417,1,0,0,0,14,2,0,0,0.0,2351.67461357904,1
3672.240347831576,0,2,0,1,10,0,7,0,0.0,2417.9605065628098,0
889.1911880715297,0,1,1,0,11,0,7,0,0.0,1467.6917099358334,0
2224.187865018007,1,3,1,0,13,2,5,1,0.2,1559.7567514379266,0
539.7377566859667,1,4,1,1,14,0,11,2,0.18181818181818182,2980.3243192259915,0
2140.3122469794416,1,5,1,1,3,2,4,1,0.25,1024.2956090766104,0
697.0614648864307,0,4,0,0,13,1,7,1,0.14285714285714285,1690.2190625682185,0
915.8627069382517,1,2,1,0,4,0,2,1,0.5,937.3845686345164,0
911.3418637198671,0,5,1,1,12,2,2,1,0.5,2606.37239639613,0
2772.2360574062227,1,3,1,0,4,1,1,2,2.0,1003.160845679951,0
3111.1570774289817,0,0,1,1,6,2,4,0,0.0,2282.8161842179643,0
2541.7906778400584,1,4,1,1,4,2,2,4,2.0,924.2635328076606,1
3867.6039196608967,1,2,1,0,9,0,2,0,0.0,2280.2810831813204,0
1812.0470283329641,0,3,1,0,11,0,14,0,0.0,2654.681283240947,0
1499.9923019865125,1,6,0,1,9,2,5,4,0.8,1677.4073592329262,1
3540.096948663111,0,6,1,1,14,2,7,1,0.14285714285714285,1948.678285550789,0
1282.5854348180842,1,3,1,1,8,0,1,2,2.0,1683.3918236116215,0
3871.2788880421394,1,3,0,1,12,2,3,2,0.6666666666666666,1461.0752689918056,1
542.5406614143571,0,3,1,1,3,1,10,0,0.0,2567.1794813796823,0
3894.5758934767364,1,5,1,1,13,0,6,4,0.6666666666666666,1398.4056622081773,1
651.0596918270164,1,3,1,1,12,2,0,3,0.0,2390.475533656783,0
3619.0008979432487,0,4,0,1,11,0,0,1,0.0,1253.633574361445,1
2346.953881802049,0,2,1,1,7,2,11,0,0.0,1349.678351372325,0
3975.376786417551,1,5,0,1,13,0,12,2,0.16666666666666666,1540.214557669867,0
758.287976573896,1,3,1,1,7,1,9,4,0.4444444444444444,2096.144030266334,1
2438.4899954046227,1,1,0,1,8,0,6,4,0.6666666666666666,1799.7291021509905,1
3892.5588746668464,1,1,1,0,11,1,13,0,0.0,2439.318581621205,0
2330.842454595521,0,2,1,1,10,1,6,3,0.5,1269.8480607396232,1
2702.895233473419,1,6,1,0,10,0,0,2,0.0,823.479033267435,0
2935.1204114461602,0,0,1,0,10,1,0,0,0.0,2508.426437927484,0
2090.8937266872063,0,0,1,0,3,1,3,3,1.0,2607.6285345361593,0
2696.453280294222,0,6,1,1,3,0,4,4,1.0,930.856358838457,1
2545.100091730851,0,5,0,1,10,2,4,1,0.25,2143.9965487484724,0
3654.0530367184615,0,5,1,0,7,0,3,2,0.6666666666666666,1632.0549245207715,0
659.0623311951026,0,5,0,1,11,1,7,2,0.2857142857142857,2546.570441427937,0
1483.3711635728062,1,0,1,1,4,1,6,3,0.5,2723.7120192322527,0
3826.4401942679556,0,1,0,0,11,1,8,0,0.0,2672.208286953948,1
3615.923243618207,0,0,1,1,14,0,6,4,0.6666666666666666,2509.8493441718747,1
2094.7986347499955,0,4,1,1,10,1,14,3,0.21428571428571427,1391.9149032327584,0
2670.4640923053785,0,3,1,1,11,1,9,1,0.1111111111111111,2586.157215850297,0
1470.8341404339644,0,5,0,1,6,2,0,1,0.0,1973.652646993844,0
1158.4240590331647,0,1,1,1,3,2,12,1,0.08333333333333333,916.0645526305998,0
2122.9444172899375,0,2,1,0,3,1,13,3,0.23076923076923078,1805.2654697761477,0
1736.7327980911848,1,2,1,0,7,0,6,4,0.6666666666666666,2872.747417465985,1
2542.796391478052,0,3,1,0,4,0,0,2,0.0,2753.290569418216,0
772.0712293774469,0,1,1,1,10,0,6,0,0.0,1024.9814181936554,0
3910.3818268315827,0,0,1,0,12,0,9,2,0.2222222222222222,2437.0787085716147,0
3951.73760567861,1,0,1,0,13,0,7,4,0.5714285714285714,2572.7443051081164,1
2943.565999069108,0,4,1,1,7,0,10,2,0.2,1397.0540141208826,0
2376.337282204421,0,4,1,1,7,0,8,3,0.375,1837.538855630403,1
1583.3466570021471,0,0,0,1,4,0,11,1,0.09090909090909091,2364.1734712201023,0
3348.2825689743204,0,2,0,0,9,0,2,4,2.0,1765.8912754065254,1
2896.5591039385777,0,5,0,0,10,0,14,4,0.2857142857142857,1048.1532215064692,1
1069.1592877071196,0,2,0,1,12,0,3,2,0.6666666666666666,2352.941378299787,1
3688.2451457284487,0,4,1,0,3,1,3,3,1.0,2805.6051174176678,1
3378.8803502310916,0,3,1,0,4,1,11,2,0.18181818181818182,2235.4664024935464,0
3824.299696521734,0,0,0,1,12,0,8,2,0.25,2502.361646851875,0
3040.01827935926,1,4,1,1,6,1,12,4,0.3333333333333333,1588.3975784472227,1
2646.9531857752645,1,4,0,1,7,0,6,2,0.3333333333333333,1203.0361392785967,1
1963.850627017166,1,5,1,1,4,0,2,1,0.5,2214.1020555602436,0
3764.5496917390465,1,0,1,1,3,0,9,2,0.2222222222222222,1521.0966528506815,0
3531.2236132514295,0,5,1,0,11,1,4,1,0.25,2692.161741777544,0
658.265345371663,0,0,0,1,3,1,6,4,0.6666666666666666,1069.7817099516144,1
592.284410740382,0,5,1,0,6,0,7,3,0.42857142857142855,1753.620139412872,1
1817.6217840731736,0,2,1,0,4,0,0,1,0.0,1672.8007210304488,0
3336.9366577364153,1,3,1,1,13,2,11,3,0.2727272727272727,2863.718477818645,1
3955.4664526023057,0,3,1,0,6,0,1,3,3.0,1136.8965613296887,1
1026.4591188623485,1,0,1,1,10,0,6,1,0.16666666666666666,821.6630150264241,0
2579.457503732473,0,1,0,0,10,2,10,4,0.4,1323.7874681756587,1
1833.1179982085753,1,6,1,1,13,2,14,0,0.0,2604.60909149104,0
3894.700392351111,0,4,1,1,14,1,12,3,0.25,1260.5079953034374,0
3447.4162309749804,0,4,1,0,11,1,13,3,0.23076923076923078,1329.931740152062,1
3434.1504664889826,0,0,0,0,13,0,12,4,0.3333333333333333,1085.7773699809836,1
2140.4260592823957,0,5,1,1,14,0,14,4,0.2857142857142857,2373.959647208389,0
1951.8682581818282,0,1,1,1,7,1,1,2,2.0,952.1832191119178,0
1456.9247517574718,0,2,1,1,9,0,6,4,0.6666666666666666,1528.6582651227477,1
697.3142382782449,1,5,1,1,5,1,14,3,0.21428571428571427,1421.4971985661218,0
3526.5283168926862,0,5,1,1,12,2,8,1,0.125,2021.3514055383407,0
3345.1535319552713,0,0,0,1,6,2,10,0,0.0,2406.9157830434183,0
3999.0118565014573,0,0,1,1,12,0,1,2,2.0,1972.3281563328442,0
3988.228929758669,1,4,1,1,11,1,6,1,0.16666666666666666,2848.257184545149,0
2444.010969609196,0,0,1,1,12,1,3,0,0.0,2893.1738055521305,0
3191.455953131787,0,0,1,1,12,2,10,0,0.0,1595.223722696734,0
3806.680054588498,0,0,1,1,14,0,12,0,0.0,2510.896827804764,0
3473.76586737094,0,4,1,1,3,0,1,1,1.0,2425.3630431900174,1
1365.7183561011918,1,2,0,1,4,0,12,2,0.16666666666666666,2764.52210175062,0
2076.9044735853277,0,2,1,0,7,0,6,2,0.3333333333333333,1785.476008456947,0
952.0579530302325,0,6,1,0,5,0,12,0,0.0,1967.0410118351429,0
3839.178595405528,1,6,1,1,4,2,4,1,0.25,1714.7034898794627,0
2621.61122057808,0,0,0,1,3,1,0,0,0.0,2670.8292224593524,1
1300.2498192621197,0,6,1,1,12,0,4,4,1.0,1305.3450937966957,1
2850.9523954204988,0,4,1,0,5,1,11,2,0.18181818181818182,1327.3599721333783,0
2663.448841602635,1,2,0,1,3,0,11,3,0.2727272727272727,1619.7312278695754,1
1753.5695131149419,0,5,1,1,14,2,2,0,0.0,1306.7542306251726,0
897.4515726987015,1,2,0,0,3,2,6,4,0.6666666666666666,2034.2150401128256,1
2850.5061845747987,0,2,1,1,14,2,5,2,0.4,1095.878234290105,1
2321.076953163277,0,4,0,1,3,2,7,1,0.14285714285714285,1504.4096826889217,0
3203.114371074738,0,6,0,1,10,0,12,2,0.16666666666666666,2809.578336646298,0
2320.5722538919767,1,5,1,1,5,0,4,1,0.25,1700.296056421951,0
3482.6352511148903,0,4,1,1,13,1,1,1,1.0,2446.1141762857205,1
2431.6739357106994,1,0,1,1,3,2,8,0,0.0,1049.6168217544628,0
2463.282900373852,1,3,0,1,9,0,13,0,0.0,1344.6419179119262,0
3568.2876093042078,0,2,1,1,12,0,10,2,0.2,2576.160366640811,0
1912.1900317433897,0,3,1,1,5,2,7,4,0.5714285714285714,2478.584459837327,0
969.0532995772426,0,4,1,1,10,0,5,2,0.4,1649.5430209064066,0
600.7393670966865,0,4,1,0,6,1,12,3,0.25,2899.6731844736432,0
3142.9803948576664,1,4,1,1,6,1,9,1,0.1111111111111111,2803.414634836,0
2671.083429737126,1,3,1,0,7,0,6,1,0.16666666666666666,2917.0616480469275,0
2964.2791883472823,0,4,1,1,8,0,8,0,0.0,1741.4123184131279,0
1245.3745652811876,0,0,1,1,9,2,6,4,0.6666666666666666,1234.4418841085026,1
977.3001645536942,1,4,1,0,6,1,2,0,0.0,2178.64900600095,0
550.9063298375868,0,1,1,1,10,2,5,3,0.6,2306.500948214237,0
1727.0564558230894,1,6,1,0,8,0,10,2,0.2,1075.971925791144,0
2564.711903991216,0,3,1,1,3,0,12,2,0.16666666666666666,2530.262675450993,0
1872.854157849063,1,1,1,1,3,2,10,4,0.4,839.7324834719132,1
2031.1622270830517,0,4,1,1,11,1,6,0,0.0,1862.0024524489233,0
3664.5554307281195,0,0,1,0,12,0,1,0,0.0,1528.2357708887687,0
1718.8941345815513,0,2,1,0,8,2,2,3,1.5,2428.6667317779848,1
2298.963212059338,0,5,0,1,12,0,3,2,0.6666666666666666,1488.0736003279949,1
3242.785544594001,0,6,1,1,10,0,9,0,0.0,2618.975648118272,0
1887.8997381244455,1,5,1,1,9,0,5,4,0.8,2108.897675317783,1
2677.303450797557,1,4,1,1,14,0,0,2,0.0,2546.565395876559,0
3518.272980613608,0,6,1,1,8,1,8,3,0.375,2976.5494032471724,1
3823.322182801747,0,6,1,1,6,1,4,4,1.0,2294.148360635825,1
1014.7571832516328,0,0,0,1,9,2,12,1,0.08333333333333333,2966.890695995617,0
3743.0566880652304,0,6,1,0,11,2,11,3,0.2727272727272727,863.4399192277517,1
2222.4070257783837,0,3,1,0,13,0,13,4,0.3076923076923077,1543.9079746643786,1
1403.8553590463544,0,1,1,1,12,0,6,0,0.0,1037.2771820370801,0
2106.9751468339146,0,1,1,0,12,0,8,1,0.125,1377.0708490457669,0
3930.1140134991697,0,1,1,1,9,0,8,3,0.375,2645.5533780767037,1
2224.1633289750434,0,3,1,1,3,1,0,0,0.0,871.1111837173987,0
1650.6306360062788,0,5,1,0,12,2,14,1,0.07142857142857142,1944.4024586112662,0
2716.90299010854,1,0,0,0,11,2,0,2,0.0,2047.6831565712205,1
1340.5096657236759,0,6,1,1,6,0,2,0,0.0,2034.5325226783034,0
765.5216483803238,1,3,1,1,5,0,5,4,0.8,1845.6535624111625,1
951.0790266872723,0,1,1,1,6,1,1,3,3.0,2539.3265224934617,0
948.1604363522035,0,4,1,1,6,0,9,1,0.1111111111111111,1093.7947969122126,0
1031.6594272930301,1,2,1,1,12,1,11,0,0.0,1483.269434211732,0
985.8951042729354,1,6,0,1,13,2,10,2,0.2,2154.5973175793797,0
2743.0616068112513,1,3,1,1,4,0,0,3,0.0,2320.093005789503,1
1136.580295397007,0,3,1,1,14,2,0,3,0.0,1689.1265499095239,0
1709.8354916335213,0,0,1,1,3,1,12,0,0.0,2725.8167793199127,0
3638.7594346710416,1,0,0,0,14,0,4,2,0.5,1714.0854727310116,1
2158.865740920053,0,3,0,1,12,1,3,1,0.3333333333333333,1686.107495566333,1
2836.452084823595,0,1,1,1,14,0,0,0,0.0,879.6559752722469,0
1103.1195492057045,0,2,1,0,3,0,3,1,0.3333333333333333,2012.5109396284145,0
1173.0115658303478,0,6,0,0,10,1,2,3,1.5,2359.0978447261914,1
643.040156932676,1,0,1,1,4,2,1,1,1.0,1051.7639597370658,0
1091.2727207525759,0,6,1,1,14,0,8,2,0.25,1471.9520853933159,0
1475.0661866118553,0,1,0,1,12,0,13,4,0.3076923076923077,2518.765298322275,1
1119.5366949686138,0,6,1,0,7,2,14,2,0.14285714285714285,1605.022757909866,0
810.4588681496946,0,4,1,0,14,2,10,1,0.1,1331.5254164880878,0
922.2255488521029,0,0,1,1,6,2,0,0,0.0,2278.841459843247,0
2112.7256881145404,0,1,1,1,10,0,6,3,0.5,1232.8693108776424,1
1222.1680144202737,0,1,1,1,4,2,13,4,0.3076923076923077,2770.4364230829888,1
1774.944513668264,1,2,1,1,12,0,12,0,0.0,1032.31647125751,0
2261.960447991999,0,2,1,1,11,1,3,0,0.0,2354.4095650222193,0
2916.3819002027785,0,4,1,1,9,0,4,2,0.5,1899.0071428300255,1
637.5924894438463,1,1,0,1,9,1,9,1,0.1111111111111111,2713.845037273386,0
3297.9363961816493,1,5,1,1,3,0,4,2,0.5,1077.6292002577206,1
2697.6513632181773,0,1,1,1,14,1,0,1,0.0,2291.368820691393,0
786.1566118210517,0,2,1,1,4,0,5,2,0.4,2058.5202061990394,0
3557.52518437372,0,5,1,1,6,0,12,0,0.0,1856.198312928102,0
3723.053401861346,1,0,1,1,6,1,8,3,0.375,1881.0959795518704,1
713.7728594920231,1,0,0,0,13,2,1,1,1.0,2388.349315956768,1
1469.071768515213,1,6,1,1,5,2,6,4,0.6666666666666666,2863.0316408566086,1
3321.7044792757147,0,3,1,0,9,0,5,4,0.8,1000.7536500619058,1
3118.9089163428043,1,2,0,1,14,2,4,0,0.0,842.9058247431445,1
1145.8235677473208,0,3,1,1,10,1,3,2,0.6666666666666666,2572.5505434586476,0
1232.722631678486,0,5,1,1,4,0,3,2,0.6666666666666666,1037.9726526116706,0
1796.652359769837,0,2,1,0,6,0,5,0,0.0,2970.7329513769323,0
2195.8304481685745,1,4,1,1,5,1,3,4,1.3333333333333333,2162.566147709442,1
2663.891700356036,0,1,1,1,4,2,4,4,1.0,2231.9060695591097,1
1791.1977384942033,1,4,0,1,14,1,12,2,0.16666666666666666,1237.5617464636382,0
2118.8715064660173,0,5,1,1,8,1,5,1,0.2,1328.6870826526838,0
3116.148283468148,0,2,1,1,6,1,4,3,0.75,2250.57066681835,1
628.3912101170927,0,5,0,1,8,0,6,1,0.16666666666666666,2801.3990434552334,0
1383.5293052040727,0,1,1,0,4,2,8,4,0.5,2961.2592199386468,1
2996.7235505959334,1,0,1,0,14,2,9,1,0.1111111111111111,1235.668082588406,0
3633.223931905198,0,0,1,1,6,0,6,3,0.5,1095.0631699615383,1
2290.871047404831,1,5,1,1,13,2,6,1,0.16666666666666666,924.082987073739,0
2362.3971984286045,1,3,1,0,8,0,3,1,0.3333333333333333,2710.2534399549213,0
875.1020396892161,1,2,1,0,7,2,0,1,0.0,1448.3726630842311,0
2065.9432838820912,0,2,1,0,5,0,13,1,0.07692307692307693,803.9864745123537,0
2364.160432592581,0,0,1,1,10,0,7,0,0.0,1292.3997893241435,0
1348.6467627215538,0,6,0,1,9,0,3,4,1.3333333333333333,1548.9703762187205,1
1442.3513083228333,1,4,1,1,5,1,0,3,0.0,2980.1695728927075,0
1820.4945708661792,1,6,1,1,8,0,4,4,1.0,1951.7915064855797,1
570.2491922220423,0,1,1,1,6,1,13,0,0.0,1250.3706847092228,0
1627.277079541124,1,4,1,0,13,1,13,0,0.0,1536.6003583695924,0
1240.0680244879063,0,4,1,0,7,2,7,0,0.0,1526.6769126251324,0
1646.2407326227012,0,5,1,0,13,0,3,0,0.0,843.396642218986,0
919.1674613673792,0,0,1,1,7,1,12,1,0.08333333333333333,1097.402719177146,0
3616.8454825896324,1,6,1,1,9,0,11,4,0.36363636363636365,2329.4322113470644,1
2577.5735874391703,0,6,1,0,13,2,7,2,0.2857142857142857,1064.5521704556163,0
2876.8581170057137,1,0,1,1,7,0,7,3,0.42857142857142855,1307.6154085334613,1
3262.099335125684,1,6,1,1,13,2,2,0,0.0,1571.6220564894793,0
2244.5476962517005,1,0,1,1,5,2,8,4,0.5,2467.0168779050464,1
804.2210083059829,0,5,1,0,12,1,2,0,0.0,2081.2821227094673,0
2379.8728963649173,0,3,1,1,7,1,0,0,0.0,2315.7999669748506,0
2553.943913073077,0,4,1,1,9,0,1,0,0.0,2047.4271159243788,0
3109.038159645155,0,5,1,0,7,0,14,0,0.0,2303.903335488112,0
2010.8084118038778,0,2,1,1,7,2,5,0,0.0,806.2527380607394,0
946.5310597844732,1,1,0,0,11,2,11,3,0.2727272727272727,2847.9759176171447,1
1493.2156702955358,0,3,1,1,5,0,9,4,0.4444444444444444,1044.0245079245742,1
1770.7880373952228,0,2,1,1,8,1,1,0,0.0,1693.7480111491907,0
2760.7103446606043,0,4,0,1,3,2,5,0,0.0,2496.2844145386807,0
2497.7240663411917,0,6,0,1,12,1,13,0,0.0,1757.5075796207325,0
1746.3385406424618,0,0,1,1,7,0,0,0,0.0,2883.053613668535,0
3952.803370775429,0,4,0,1,10,0,10,1,0.1,1828.6956866972869,1
2620.211867749105,1,5,0,1,7,0,12,1,0.08333333333333333,2724.866692325877,0
1330.2937710759807,0,1,1,1,11,2,0,2,0.0,2583.821849396996,0
856.2386541714131,1,5,1,1,13,1,4,0,0.0,2958.169866157103,0
1035.006987145162,1,3,1,1,8,1,9,2,0.2222222222222222,2838.405117652146,0
1360.8520493457786,0,3,1,1,10,2,12,3,0.25,2775.872436368333,0
1062.384806408445,1,1,1,1,12,1,10,2,0.2,2409.5295491428305,0
1152.9845841795702,0,2,1,1,10,2,8,4,0.5,1607.3959239900857,1
1497.8330904284649,1,2,1,1,5,1,13,1,0.07692307692307693,1033.4759208427854,0
1106.8075835316417,0,3,1,1,9,0,7,1,0.14285714285714285,2315.0191149816583,0
3638.678986192488,1,3,1,1,9,2,2,0,0.0,2953.038978943523,0
780.8181098157477,1,6,1,1,12,1,14,0,0.0,2398.5297621301115,0
2335.789863495891,1,0,1,1,14,0,2,3,1.5,2843.204612410138,1
1936.3888944638154,1,6,0,1,8,0,14,3,0.21428571428571427,2569.470368502137,1
3938.3251591801222,0,6,1,1,14,0,0,4,0.0,1158.8522852566932,1
892.1361575881832,0,2,1,1,9,1,13,0,0.0,1348.248295300832,0
1892.4945966600958,0,1,1,1,4,2,2,0,0.0,1552.1043238771708,0
3893.146516463791,0,2,0,1,11,2,14,3,0.21428571428571427,1170.172977543609,1
3529.274940628931,1,0,1,1,12,2,13,3,0.23076923076923078,2079.6329318806147,1
3359.7522483224798,0,5,1,1,12,0,11,3,0.2727272727272727,2945.991153096893,0
1402.6598946572894,1,3,1,0,3,0,11,1,0.09090909090909091,2475.209433559549,0
1098.1065558652303,0,3,1,0,3,0,11,2,0.18181818181818182,1731.4508479484161,0
2840.2512697355082,1,0,1,0,5,2,12,2,0.16666666666666666,809.9098581566351,0
3752.8159619465505,0,6,1,1,5,0,10,0,0.0,1489.207224503993,0
2448.670125548754,1,1,1,0,3,1,0,1,0.0,1958.8704329228735,0
2500.6444131446497,1,3,0,0,14,2,7,3,0.42857142857142855,1513.3519224743354,1
1479.9268278109946,0,4,1,1,9,1,0,0,0.0,1044.276830652491,0
3193.2252661717794,0,6,1,1,6,0,4,1,0.25,1774.082905096168,0
1154.6531199513317,1,3,1,1,12,2,8,4,0.5,1357.1561973245757,1
1632.877327414853,0,4,1,1,4,2,6,1,0.16666666666666666,2800.3112282153033,0
1989.0275351574587,0,0,1,0,12,0,3,0,0.0,1023.8599627022346,0
2276.6363253955924,0,0,1,1,7,1,10,2,0.2,908.1357831943628,0
1348.4340634527807,0,6,1,1,8,2,8,3,0.375,811.6911721406965,1
901.9288865872124,0,3,1,1,11,0,8,4,0.5,1521.7533058684471,1
2637.1701485457143,0,2,1,1,6,1,1,1,1.0,2252.851044041955,1
1510.2069363408953,0,4,1,1,4,0,9,0,0.0,2406.9102563399438,0
2534.333774979143,0,1,0,1,7,1,9,0,0.0,1797.1757034397908,0
1040.2695034597082,1,3,1,1,5,0,10,3,0.3,2305.523031001587,0
2183.9903564918613,0,1,1,0,4,1,11,0,0.0,1591.8108796737997,0
2364.0630139305504,1,3,1,0,14,0,5,0,0.0,2269.1736839705572,0
681.3823788784941,0,2,1,0,3,1,3,3,1.0,889.3111676652215,0
1678.114973678722,0,2,1,0,12,2,7,4,0.5714285714285714,1659.6565660474091,1
970.4513692864098,0,6,1,1,4,2,11,2,0.18181818181818182,2539.8692907929944,0
721.8123966546871,0,6,1,0,8,2,10,2,0.2,2566.613267009803,0
3964.860813364808,0,2,0,1,10,1,6,1,0.16666666666666666,2375.527313526528,0
1628.2384574115304,0,5,0,0,5,0,6,4,0.6666666666666666,1249.3249652537017,1
3334.560560491222,0,2,1,0,13,0,10,1,0.1,1343.8512616473931,0
1391.2422916731734,0,0,1,1,11,2,9,2,0.2222222222222222,2991.395199981927,0
2885.259527783752,1,0,1,0,14,0,8,3,0.375,1027.4316158443116,1
3160.797509613903,0,5,1,1,11,0,12,0,0.0,1197.4579375853007,0
2584.7355921274548,0,4,1,1,4,2,4,2,0.5,1086.0577624302916,1
2150.5166599255544,1,1,1,0,10,0,5,4,0.8,1520.8409201039544,1
1941.4431995154398,0,3,0,0,12,0,0,2,0.0,1262.3868375146315,0
1721.0389329004836,0,3,1,1,13,2,5,4,0.8,1894.9135110050986,1
3753.3520048673904,1,5,1,0,14,2,1,4,4.0,1847.2455551362636,1
3407.167927257052,0,0,0,0,7,1,5,4,0.8,2783.312362792867,1
3877.5941873327943,1,6,1,0,6,2,8,1,0.125,876.4278843785193,0
935.0402821994065,1,3,0,0,12,1,7,3,0.42857142857142855,1503.7350686690793,1
3058.0361632127547,0,0,0,1,7,2,8,2,0.25,2112.647362393598,0
3784.1915988736323,0,4,1,1,6,0,12,3,0.25,2130.5638760567203,0
1134.3157315798105,0,1,0,1,10,0,14,0,0.0,1856.2777038312602,0
732.7369357837213,0,4,1,0,6,1,9,2,0.2222222222222222,2594.4641897921942,0
3093.9222725152067,0,5,1,0,12,2,7,3,0.42857142857142855,937.9887771118093,1
2510.6558961296914,1,2,1,1,14,1,2,3,1.5,2594.0730842762987,1
3446.400718653952,0,2,1,1,8,0,7,0,0.0,1888.459328958548,0
989.2033181920133,0,2,1,1,4,0,5,4,0.8,1094.2735291694048,0
3283.4355915096157,1,4,1,1,7,2,12,2,0.16666666666666666,2748.544209789051,0
1205.695620167106,1,3,1,1,8,0,5,2,0.4,2228.3033149901194,1
1072.795800029966,0,1,0,1,7,1,5,0,0.0,1159.8005110131064,0
1074.9302927584754,0,2,1,1,14,0,2,4,2.0,874.0293914778586,1
3351.0115208098373,0,5,0,1,4,0,9,2,0.2222222222222222,1110.4412263318284,0
2828.1902724367005,0,5,1,1,9,1,0,2,0.0,2139.355512396866,0
2330.7289866919177,0,2,0,0,6,1,11,2,0.18181818181818182,1194.4517175721066,0
1755.9066944322587,0,2,1,1,10,0,13,4,0.3076923076923077,1296.678764725062,1
3570.201892845879,1,1,1,1,9,0,3,0,0.0,855.3073966638912,0
1873.5578759792238,0,2,1,1,9,2,9,2,0.2222222222222222,2390.447478924928,0
3358.0980381505196,0,1,1,1,11,0,11,3,0.2727272727272727,2582.801679470762,1
2036.9721799957645,0,5,1,1,3,1,5,4,0.8,2553.065988898671,1
1819.3055029871766,0,2,0,0,12,2,10,1,0.1,1080.6499330014253,0
2119.3792498436223,1,4,1,1,8,0,11,0,0.0,2787.2624802552705,0
1554.8225595744973,1,6,1,1,8,2,9,3,0.3333333333333333,2279.013424842976,1
3116.632830616879,1,4,1,1,8,0,1,2,2.0,2774.562969229102,1
2259.521365323677,0,5,1,1,14,1,6,1,0.16666666666666666,1783.7531099674597,0
1312.7444330138605,0,1,1,1,8,0,6,0,0.0,1761.300694384135,0
3648.51100646099,0,4,1,1,14,2,10,4,0.4,2525.9803411067696,1
1843.61927480624,0,1,1,1,12,0,3,1,0.3333333333333333,1005.2552820488357,0
2402.4350138989603,0,4,0,1,9,0,3,1,0.3333333333333333,1945.9228805967487,1
3672.652388375914,1,4,0,1,12,2,14,3,0.21428571428571427,2640.0453183886966,1
2684.832985698972,0,1,0,1,8,1,0,0,0.0,2626.4236387530573,1
909.1431424792743,0,3,1,0,3,1,12,3,0.25,2903.492283953212,0
3789.412432647163,0,4,1,1,5,0,1,3,3.0,2336.1997057672024,1
2696.9781857499624,0,2,1,0,4,2,8,2,0.25,1257.0953847674023,0
1672.1696512998014,0,6,1,1,8,0,9,4,0.4444444444444444,844.6166927680778,0
987.4522543218554,1,5,1,1,10,0,7,1,0.14285714285714285,1854.7147569796243,0
3279.0881624460358,1,3,1,1,5,1,7,0,0.0,1930.1485043696223,0
2670.2546457497974,1,1,1,1,12,0,8,4,0.5,1328.5776858976492,1
2367.1138219171253,0,3,0,0,10,2,14,4,0.2857142857142857,1074.334383671927,0
3628.624040678352,0,0,0,0,10,2,6,0,0.0,2089.6579656191198,0
3260.0902392858575,0,0,1,1,7,2,12,4,0.3333333333333333,2481.362482853111,1
1030.8620790646291,0,4,1,1,10,2,8,2,0.25,2984.9390278983533,0
1591.0272372844188,1,4,1,1,8,1,9,4,0.4444444444444444,2468.2657578631406,1
1369.7119893506301,0,2,1,0,7,0,11,2,0.18181818181818182,2545.991311362278,0
3103.8120240043695,0,6,1,0,11,2,1,1,1.0,2156.2139321033546,1
617.3635215752279,0,5,0,0,9,0,5,1,0.2,2969.029849734039,0
2494.6138970496077,0,3,1,0,10,0,14,3,0.21428571428571427,2207.9040472520546,0
3168.605400092417,1,0,1,1,3,2,2,2,1.0,2692.557230079349,1
3568.679728666123,0,4,1,1,13,1,10,1,0.1,2880.7262217301027,0
1697.286120505676,0,5,1,1,4,2,14,4,0.2857142857142857,2845.688701101234,0
3374.400566352045,0,3,1,1,10,0,5,0,0.0,1639.1137563233842,0
887.2110793432253,0,4,1,0,14,1,2,0,0.0,973.056528291369,0
3462.5830210708136,1,4,1,1,11,0,7,2,0.2857142857142857,1178.122145586343,0
946.2103181619384,1,0,1,0,6,1,14,3,0.21428571428571427,930.2912718725364,0
1890.5055169612854,1,0,1,0,14,2,10,4,0.4,1031.873256624108,1
3290.5337802284375,1,4,1,1,12,1,14,2,0.14285714285714285,1206.2327409661348,0
1024.710995720708,0,1,1,0,13,0,12,0,0.0,1550.4074964922838,0
1302.379883314245,1,4,1,0,12,0,3,2,0.6666666666666666,1995.7872224651667,1
3027.883989375732,0,5,0,1,11,0,11,4,0.36363636363636365,2365.700530581189,1
3020.1278779112604,0,4,1,1,6,1,9,1,0.1111111111111111,1264.0401394343262,0
2744.0167150985408,1,2,1,1,12,2,5,4,0.8,2279.5492893239066,1
2928.81955563485,0,6,1,0,12,0,14,1,0.07142857142857142,2349.369963905323,0
2399.5355517165867,1,2,1,0,12,2,8,1,0.125,2028.9691411056167,0
1381.2967061743348,0,2,1,1,11,2,1,1,1.0,2787.959313557163,1
1709.935977263718,0,1,1,0,13,1,1,2,2.0,1044.1885906279836,0
1135.5920088049897,1,1,1,1,9,1,6,0,0.0,1189.6672067253228,0
3679.576964667699,1,4,0,0,4,2,14,2,0.14285714285714285,1743.0626136568667,1
2541.8712816814214,0,2,1,1,11,0,1,0,0.0,1078.7680175153255,0
1902.9799586727397,0,1,1,0,6,0,1,4,4.0,2045.8515161929924,0
2117.0203127544646,0,0,1,1,10,0,3,3,1.0,1676.4810265407336,1
3815.4916886413534,0,4,1,1,9,2,8,4,0.5,1426.1107479790205,1
1036.7299109062806,0,5,1,1,9,2,7,2,0.2857142857142857,1173.977588638802,0
2551.80441205879,1,6,1,0,10,2,1,2,2.0,1537.7441243660628,1
2270.610376095631,0,3,1,1,3,0,7,0,0.0,2137.5105718311524,0
2640.0898240212673,1,4,1,1,7,1,3,2,0.6666666666666666,2066.727463956706,1
563.3856433729418,0,3,0,1,4,0,1,1,1.0,1159.9728004625144,1
3552.43368130453,0,2,1,1,4,0,10,2,0.2,1074.8235836293934,0
3762.413988692643,1,6,1,0,3,1,9,0,0.0,858.6888777395195,0
2477.966142562231,0,3,1,0,7,2,6,0,0.0,827.336306346651,0
2938.277883569123,0,2,1,1,4,2,5,1,0.2,2735.582958583307,0
3728.747834120535,0,0,1,0,6,1,13,0,0.0,899.1954832118579,0
2975.3352200968952,1,3,1,1,5,0,9,3,0.3333333333333333,2408.686441721142,1
1033.8866501999146,1,6,0,1,5,0,4,4,1.0,2718.367211738905,1
2517.0092605838463,0,4,1,1,4,0,10,2,0.2,1015.7272668374067,0
2623.502662339996,0,2,1,1,8,2,0,3,0.0,1759.8631324326388,0
1984.457349558351,0,4,1,1,4,2,1,2,2.0,2917.0665629834084,0
3077.55482468653,1,6,1,0,10,0,7,3,0.42857142857142855,2635.105053151887,1
3770.2845516915518,1,1,1,0,10,1,0,2,0.0,1877.348870087281,0
3739.489795173717,0,2,1,1,14,0,2,1,0.5,2477.656448141416,1
2077.9377999144626,0,3,1,0,7,0,1,0,0.0,2633.43077374966,0
896.3331604426434,0,2,0,0,12,1,4,0,0.0,1565.6593190151825,0
3946.944196368171,1,4,0,1,9,0,3,1,0.3333333333333333,2762.7364171139143,1
3436.1433025607694,1,0,1,1,6,1,12,3,0.25,1835.041303289745,0
936.319384211434,0,2,1,1,3,2,6,4,0.6666666666666666,1961.176199829426,1
3722.9465891608033,0,3,1,0,13,1,4,3,0.75,2999.3568032080284,1
3544.637267217449,0,1,1,0,4,0,7,0,0.0,2655.2665255347547,0
2315.9331999412525,1,5,1,0,12,0,3,4,1.3333333333333333,1595.894012700556,1
2569.4640251072524,0,0,1,1,12,1,14,2,0.14285714285714285,822.7603122399399,0
1896.509463545456,1,1,1,1,6,0,11,4,0.36363636363636365,2177.5829623465684,0
691.6657358771097,0,2,1,1,3,0,5,3,0.6,2348.609537481837,0
1673.1903457606531,0,4,1,1,10,1,3,1,0.3333333333333333,2231.7659183154356,0
3309.98707009304,0,6,0,1,11,1,1,2,2.0,2929.2971725590687,1
516.2120805161101,0,4,1,1,6,2,0,3,0.0,2698.5362601307174,0
1667.2471009190047,0,3,1,1,12,0,13,2,0.15384615384615385,1787.4297249974268,0
1893.5904275683015,1,4,1,1,5,2,13,4,0.3076923076923077,938.2864724392381,1
2380.88461028273,0,0,1,1,4,0,0,0,0.0,1847.3292929043932,0
3719.4946574446617,0,4,0,1,7,0,7,3,0.42857142857142855,2316.3368439164506,1
1712.2109802808643,0,3,1,1,5,1,13,1,0.07692307692307693,2136.96157809941,0
1714.336206636797,1,5,1,1,12,1,3,4,1.3333333333333333,1983.9015489639467,1
3081.2543683841195,1,2,1,1,9,2,4,3,0.75,1831.4017076335308,1
2082.762793114325,0,6,1,1,13,2,10,1,0.1,1446.27612066025,0
1286.116880289937,1,2,1,1,8,2,7,3,0.42857142857142855,1410.1628757941844,1
2083.5383064644266,0,4,1,0,3,2,11,4,0.36363636363636365,1900.5092536367642,1
992.9995713292994,0,1,1,0,14,1,14,3,0.21428571428571427,1153.3269221452279,0
1117.3544527717816,1,2,1,1,10,1,6,2,0.3333333333333333,1549.5079318645635,0
2244.287204588179,1,5,1,1,4,1,12,4,0.3333333333333333,1512.754404362219,1
1966.2390732659176,1,4,0,0,7,2,7,3,0.42857142857142855,2091.692163485242,1
3701.96065373835,0,6,1,1,11,2,12,0,0.0,946.7010607986541,0
1768.3786469082158,0,3,1,0,10,0,7,3,0.42857142857142855,2625.2710965832093,1
2532.059225973152,1,5,1,0,4,2,5,2,0.4,2037.2324368456848,0
2712.9250077183565,0,4,1,1,11,0,9,1,0.1111111111111111,2275.8186977070577,0
545.8305980591678,0,5,1,0,7,1,1,1,1.0,2346.8065882707524,0
2822.380802058487,0,2,1,0,12,0,5,1,0.2,1441.26510105358,0
1123.12588404413,0,6,1,1,8,1,13,0,0.0,1834.8174482467064,0
3863.746111143093,0,3,1,1,5,2,0,2,0.0,2903.7411029132677,0
1020.3195471358954,1,4,0,1,5,0,0,4,0.0,2486.7515235929927,1
1951.184433044583,0,0,0,1,12,0,10,1,0.1,2933.0251254910077,0
798.7238382752535,0,3,1,1,10,0,2,2,1.0,2441.7595593218343,0
3989.0598814608156,0,0,0,0,13,1,2,3,1.5,1186.3203073587383,1
2257.682536159349,1,5,0,1,12,0,10,0,0.0,941.9789444582877,0
2583.847560620153,0,1,1,0,12,0,12,2,0.16666666666666666,2070.85516078326,0
734.7676708594962,0,3,1,1,14,0,4,2,0.5,1587.189215345741,0
3124.861646397122,1,5,1,1,4,1,0,4,0.0,1406.0074023039745,0
1234.6695758345502,1,0,0,1,13,0,9,2,0.2222222222222222,2575.8641921359185,0
3643.1900130424983,1,2,1,0,14,2,5,4,0.8,1607.3851875802843,1
1217.9887416870251,1,2,0,1,14,0,6,0,0.0,1497.4021334154686,0
1167.407022322833,0,1,1,0,4,1,9,0,0.0,2669.972704971823,0
627.9238374683321,1,3,1,0,7,0,11,3,0.2727272727272727,2661.832140270212,0
2152.234307884997,0,3,1,1,8,1,12,4,0.3333333333333333,1584.0066030611247,0
2476.9439664191577,1,3,1,0,14,0,10,4,0.4,2631.4971421691257,1
729.9802379992333,1,5,0,1,4,2,2,1,0.5,2671.712678731853,1
3214.346658432537,1,6,1,0,7,2,3,1,0.3333333333333333,1732.6471770652656,1
2086.5109216180967,1,6,1,1,9,2,9,3,0.3333333333333333,946.2408864601774,0
2335.36594264653,0,1,1,1,12,1,10,0,0.0,803.4862178259482,0
2042.6696142837984,0,3,0,1,12,1,9,1,0.1111111111111111,1951.2434183557891,0
1902.670713063641,1,5,1,1,10,2,13,2,0.15384615384615385,1556.9660854147826,0
2458.7411595787626,1,2,1,1,14,1,11,0,0.0,2993.690167148405,0
1043.3408607574938,0,0,1,1,9,0,14,2,0.14285714285714285,2499.3041991800255,0
1136.748456733449,0,5,1,1,10,2,9,4,0.4444444444444444,2474.8060039709076,0
3516.2496735473105,0,6,1,1,14,1,13,0,0.0,2901.534090232156,0
3811.4041174677145,1,6,1,1,11,0,9,3,0.3333333333333333,2752.9936753653055,1
1806.5826069791353,1,2,1,1,7,0,9,4,0.4444444444444444,1500.012454804055,1
1447.6063560024381,0,2,1,1,7,0,2,4,2.0,1165.171887528528,0
2753.998401336555,0,0,1,1,13,1,0,2,0.0,2440.9629831440607,0
1930.5695988433374,1,2,1,1,12,0,7,4,0.5714285714285714,1632.2025661023206,1
588.852244811207,1,1,1,1,6,0,12,1,0.08333333333333333,1840.9798335881042,0
1046.5340907816662,0,0,1,0,11,0,9,0,0.0,2186.875008804619,0
3005.9028009658914,0,2,1,0,7,1,9,1,0.1111111111111111,2797.319889257529,0
2806.23379668553,0,4,1,1,4,2,1,2,2.0,1721.9930580761252,1
594.8359737621922,0,5,1,0,12,0,0,2,0.0,2523.297158482595,0
1276.9025667653232,0,2,1,1,10,0,13,0,0.0,1390.3475408042464,0
1308.7617880582497,1,1,1,1,9,0,7,4,0.5714285714285714,2335.53794003195,1
2851.6246025955493,1,3,1,1,10,2,6,3,0.5,803.4747263714061,1
568.9868821402746,0,2,0,0,14,1,6,2,0.3333333333333333,2717.315869679396,1
864.3800369460084,1,6,1,0,5,1,3,0,0.0,866.8350758998175,0
3299.706298806163,0,6,1,1,6,0,10,3,0.3,2368.0582604776855,0
1124.9063171901676,0,6,0,1,7,2,8,4,0.5,901.7680163748246,1
2784.6113774815612,0,3,1,1,8,1,5,2,0.4,1385.7405386668074,1
1333.6397336635428,0,6,1,1,3,0,1,0,0.0,1893.8452878244168,0
848.0448746577081,1,4,0,1,6,0,13,0,0.0,1723.865107766124,0
1351.1026684980893,1,2,1,1,13,0,0,0,0.0,1222.0394521222233,0
3027.934261494807,0,6,1,1,14,2,0,2,0.0,1534.3928057603223,0
3494.937638372,0,0,1,0,12,2,8,3,0.375,2400.9540141341276,1
3405.7695259844704,1,3,1,1,7,1,3,0,0.0,2272.3656036752263,0
1890.1423536645918,0,4,0,1,9,2,4,4,1.0,957.9920842806146,1
2838.2979779972616,0,0,0,1,7,0,2,0,0.0,2444.09481626035,0
1217.4450339553734,1,0,1,0,3,1,3,3,1.0,916.7009386334623,1
1526.0170559135465,0,0,1,1,13,1,11,2,0.18181818181818182,1994.4380560195257,0
3637.175364823919,0,0,1,1,9,0,7,0,0.0,1372.1380456928196,0
545.5067322875761,0,2,0,1,10,2,12,0,0.0,2092.918280631601,0
799.2798579906382,1,6,1,0,9,0,3,4,1.3333333333333333,1374.922471069984,1
1227.6018930110956,0,5,0,1,13,0,8,4,0.5,2966.907533176828,1
592.862713558369,0,2,0,1,6,1,8,0,0.0,1481.40200420057,0
1135.0240228142907,1,2,1,1,10,1,5,0,0.0,1332.3133984838912,0
2540.645463393923,0,4,1,1,7,1,1,4,4.0,1412.6236400137614,1
1974.985927073743,1,4,1,1,12,0,11,3,0.2727272727272727,2772.24028597045,0
3624.350988769412,0,6,1,1,11,2,9,1,0.1111111111111111,2199.6814230725586,0
3361.052466084543,1,5,1,1,14,1,10,1,0.1,2407.505014325708,0
1696.3607309425659,0,4,1,1,14,1,6,0,0.0,2819.623122207571,0
1407.9820170095236,0,6,1,0,12,2,8,4,0.5,2806.1194666590163,1
1828.923428585434,0,6,1,1,7,2,5,2,0.4,2425.6808624732002,0
2566.032298801827,0,1,1,0,3,0,2,2,1.0,1235.2137434509104,1
1438.222742880067,1,5,1,1,14,2,13,1,0.07692307692307693,2655.421305485012,0
2684.521177471969,1,4,0,0,11,0,14,3,0.21428571428571427,1248.3072752203402,1
1932.9407826693414,0,5,1,0,14,0,6,1,0.16666666666666666,2434.37739101655,0
2432.1651329819306,0,2,0,1,7,1,4,0,0.0,2308.3267463987236,0
2026.4428519736084,1,2,1,0,8,2,0,3,0.0,2469.5554703089824,0
1530.6301583967117,1,5,1,1,6,0,2,2,1.0,1971.9084975703945,0
3819.5865743675486,0,1,0,0,8,1,4,4,1.0,2205.1976009482833,1
3172.620279559163,0,1,0,1,14,0,6,4,0.6666666666666666,2897.3041769553615,1
990.3961151825839,0,5,1,1,10,2,2,0,0.0,1022.3949071832728,0
3539.6379156426947,1,4,1,1,5,1,5,1,0.2,1479.464004519564,0
2206.0091938732976,0,3,0,1,7,1,4,0,0.0,2144.9854288164415,0
3630.93279412932,0,1,1,0,4,0,12,4,0.3333333333333333,2920.9190862892765,1
3299.4933958156034,0,0,1,1,4,2,0,2,0.0,1010.2637848577225,0
1988.247265642317,1,2,1,0,9,2,9,4,0.4444444444444444,849.6082873661901,1
578.6425791204109,0,5,1,1,12,1,5,3,0.6,922.6491166347216,1
1440.3707578473113,0,0,1,1,12,1,13,4,0.3076923076923077,915.2925102146373,1
2395.719751313034,0,5,1,1,13,2,7,4,0.5714285714285714,2797.1948871102895,1
2717.1737693915156,0,6,1,0,12,0,12,3,0.25,2386.767397454414,0
1402.606899016208,0,2,1,1,8,2,12,1,0.08333333333333333,2289.634005631812,0
987.7462592548845,0,2,0,0,6,2,0,4,0.0,1949.660204575981,1
3422.255828797547,0,1,0,1,7,0,1,0,0.0,2520.295757338734,0
3945.4076324624325,0,1,0,1,3,1,13,4,0.3076923076923077,1142.4255840754997,1
2339.9156380594004,0,0,1,1,9,0,14,0,0.0,1662.2706175345622,0
1100.8775004690624,1,6,1,0,10,1,3,3,1.0,1878.0093516815557,1
1453.0756428177915,1,5,1,0,11,1,11,4,0.36363636363636365,1042.9008948887977,1
564.3673679161336,0,6,1,1,10,0,1,3,3.0,1722.9301605425374,0
3700.0458229617466,1,2,1,0,7,1,10,3,0.3,1496.3039143777646,1
912.128790115494,0,0,0,0,5,0,8,1,0.125,878.2807207456178,0
2517.8076642998876,0,3,1,1,12,0,9,4,0.4444444444444444,1100.8178860043176,1
1459.193272405221,0,0,1,0,13,0,7,0,0.0,2480.881010968438,0
2439.623008805277,0,4,1,0,11,2,7,0,0.0,839.6834009102178,0
2779.9713592315247,1,0,1,1,8,0,3,4,1.3333333333333333,2855.3572580119944,1
3404.096312975206,1,6,1,1,7,2,4,1,0.25,990.1341913839224,0
1222.474451162111,1,4,1,0,5,1,3,1,0.3333333333333333,2558.323807247608,0
538.4854003046817,0,4,1,0,8,0,12,1,0.08333333333333333,2776.9563900756357,0
979.0997052408254,0,4,1,1,5,2,8,0,0.0,2870.498286670984,0
3650.0652464683676,0,3,1,0,12,1,12,3,0.25,2708.4494516911395,1
3558.6152714688033,0,0,0,1,14,1,1,1,1.0,1432.610086735975,1
2590.945857596079,0,6,1,0,8,0,12,0,0.0,1532.7916889446494,0
2601.809011517787,0,0,0,1,6,0,10,0,0.0,1738.400536942167,0
2827.628360911894,0,3,1,1,4,0,7,3,0.42857142857142855,1106.4527166956218,1
1113.7994751820736,0,2,0,1,10,0,1,4,4.0,848.9994011478925,1
3700.4418107373594,1,1,1,1,6,0,0,4,0.0,2712.0675514182763,1
1965.6968371222558,1,6,1,1,11,0,9,1,0.1111111111111111,2019.0831756630039,0
1840.9848488732412,1,6,1,0,9,0,2,1,0.5,2139.190472792076,1
2316.2119684899317,0,0,0,0,14,0,8,3,0.375,2839.3746445991496,1
664.3808837126926,0,1,0,1,4,0,11,1,0.09090909090909091,2263.2643918499543,0
1081.9917906462779,0,5,0,0,6,0,2,3,1.5,2319.87770954759,1
3083.1176574922965,1,5,0,0,7,2,8,0,0.0,2531.331026560833,0
789.7953377379426,0,3,0,1,5,0,6,1,0.16666666666666666,1055.9665896862882,0
2611.0323831323585,0,5,1,1,11,1,12,0,0.0,1592.3567370703413,0
1358.7218838846234,1,6,0,1,7,0,9,2,0.2222222222222222,2930.0574409474057,0
1862.534649146918,0,5,0,1,4,2,0,3,0.0,2830.4461718213342,0
1510.4280786974496,0,2,1,1,13,0,9,2,0.2222222222222222,2744.9656518824067,0
1744.854507627322,0,2,1,0,5,2,4,1,0.25,1794.5947227457395,0
3016.6606681448593,0,2,1,1,11,1,8,0,0.0,2685.8244978909725,0
1539.9260046811125,0,5,1,0,9,0,11,1,0.09090909090909091,906.4709402806843,0
2482.41624103914,0,3,1,1,4,2,14,2,0.14285714285714285,1126.7383333656585,0
2166.176407696849,0,4,0,1,11,1,14,1,0.07142857142857142,1710.728936664919,0
2822.8490787692685,0,4,1,1,6,0,2,4,2.0,1863.462546700678,1
3778.904087636653,1,1,1,1,11,2,8,2,0.25,1379.7157377458852,0
3064.002340235876,0,4,0,0,4,2,4,1,0.25,1584.2486758651323,0
1252.2913250676488,0,4,1,1,14,1,8,0,0.0,1158.1074222558113,0
609.1409727144963,0,2,1,1,12,0,9,1,0.1111111111111111,1876.094869774996,0
1417.9241550493878,1,2,0,1,14,2,5,0,0.0,2546.455244309295,1
2582.7727574508917,0,5,1,1,6,1,8,4,0.5,2254.9928660548726,1
679.9903471948762,0,1,1,1,7,2,6,1,0.16666666666666666,1037.1429442041908,0
2237.281865204327,1,0,1,0,4,1,6,4,0.6666666666666666,1872.6795274727754,1
2588.9499712091124,1,6,0,0,12,0,7,2,0.2857142857142857,2334.8220421153947,1
1669.8536178593629,0,1,1,1,3,2,6,0,0.0,1965.7696524186706,0
3198.1927131103766,1,1,1,1,9,0,11,2,0.18181818181818182,1661.6863123782077,0
873.0938859682013,0,3,1,1,12,0,8,0,0.0,2168.211726824532,0
762.9822360753307,0,5,1,1,3,1,10,4,0.4,2931.005063660606,1
3048.6606467126117,0,3,0,1,13,1,8,3,0.375,1008.7974014853716,1
2234.2196067216946,0,1,0,1,13,0,5,1,0.2,1658.0353336446335,0
2909.408387497076,1,1,1,1,10,2,6,4,0.6666666666666666,1694.5328767014103,1
2021.8956851131118,0,1,1,0,5,0,1,0,0.0,2069.3280830304166,0
1362.407116336874,0,4,1,1,12,1,14,0,0.0,1134.7841241402193,0
3366.858111859699,1,6,1,0,8,2,8,0,0.0,1188.614665715033,0
3297.9555763914273,1,6,1,0,9,0,11,0,0.0,1427.7950491952802,0
2931.4376479904936,0,3,1,1,12,0,12,1,0.08333333333333333,2902.914095190743,0
1452.5079803048693,0,1,1,1,3,0,0,2,0.0,2415.0388787079855,0
2565.807334041805,0,6,0,0,8,2,0,3,0.0,2255.725263721307,1
1763.4086392900938,1,2,1,0,9,0,2,1,0.5,2597.306912267377,0
820.5372566432195,1,6,1,0,8,0,11,0,0.0,1080.6682316167244,0
3710.5975141178496,1,5,1,1,6,1,5,1,0.2,2690.532203392254,0
978.8652082163649,0,5,1,0,3,1,4,4,1.0,2108.631970552509,0
3825.8307383728084,0,6,0,0,13,0,14,0,0.0,1537.723816409658,0
2061.020205352845,0,2,0,1,11,1,1,3,3.0,2594.881562640519,1
